{"results": {"benchmarks.TimeArithmetic.time_sum": {"result": [1.327427295036614, 0.9900439265184104, 0.13766231993213296, 0.19779290026053786], "stats": [{"ci_99": [1.1322782371446107, 1.639401901513338], "q_25": 1.2537645429838449, "q_75": 1.4395553600043058, "min": 1.207491078414023, "max": 1.639401901513338, "mean": 1.3679815406600635, "std": 0.1480099125361524, "repeat": 6, "number": 2}, {"ci_99": [0.8491350440308452, 1.1863538650795817], "q_25": 0.8773096478544176, "q_75": 1.1124156140722334, "min": 0.8491350440308452, "max": 1.1863538650795817, "mean": 1.0006923879263923, "std": 0.13170238281193755, "repeat": 8, "number": 2}, {"ci_99": [0.1178204333409667, 0.1613516416400671], "q_25": 0.1300751189701259, "q_75": 0.15139995305798948, "min": 0.1178204333409667, "max": 0.1613516416400671, "mean": 0.1395363981835544, "std": 0.013906681947290195, "repeat": 10, "number": 2}, {"ci_99": [0.19127813447266817, 0.2055165432393551], "q_25": 0.1972219916060567, "q_75": 0.20268429932184517, "min": 0.19127813447266817, "max": 0.2055165432393551, "mean": 0.19922669576480984, "std": 0.0042956177503961045, "repeat": 10, "number": 2}], "params": [["(5000, 5000)", "(1000000, 10)"], ["0", "1"]]}, "benchmarks.TimeFillna.time_fillna": {"result": [1.358830701559782, 1.1249855123460293, 0.5037607485428452, 0.5104110343381763, 0.03493610769510269, 0.03288079705089331, 0.4718034705147147, 0.4107998739928007, 1.7042754357680678, 1.420395894907415, 0.5034521827474236, 0.5123295309022069, 1.7332124216482043, 1.7952681230381131, 1.3995824661105871, 1.3452669372782111, 7.026999897323549, 7.028673358261585, 6.589504052884877, 6.819880649447441, 0.8214861061424017, 0.7939903531223536, 0.8768135448917747, 0.8362303543835878, 4.532356302253902, 4.552771762944758, 4.4528536861762404, 4.498933032155037, 2.0821288246661425, 2.1343770660459995, 2.0628859736025333, 2.2697104969993234, 0.026987474411725998, 0.02678681816905737, 0.07268378976732492, 0.07588396035134792, 0.027592038735747337, 0.030554628930985928, 0.11339335795491934, 0.11258599907159805, 0.03291942924261093, 0.03236975520849228, 0.0832683639600873, 0.07896838616579771, 1.7776320297271013, 1.7819449016824365, 1.2092264285311103, 1.0251925326883793, NaN, NaN, NaN, NaN, NaN, NaN, NaN, NaN, 0.5466458862647414, 0.5340591724961996, 0.5482644569128752, 0.5507397642359138, 0.5993708241730928, 0.5996443405747414, 0.6081947507336736, 0.594543986953795], "stats": [{"ci_99": [1.1259471323315047, 1.7780856993049383], "q_25": 1.2870932067744434, "q_75": 1.546974241733551, "min": 1.230554487556219, "max": 1.7780856993049383, "mean": 1.4331951756030321, "std": 0.19395970213787653, "repeat": 6, "number": 1}, {"ci_99": [0.747409127133549, 1.681397944688797], "q_25": 0.9666986363008618, "q_75": 1.429559800773859, "min": 0.7875668182969093, "max": 1.681397944688797, "mean": 1.1980667356401682, "std": 0.3063215477175636, "repeat": 7, "number": 1}, {"ci_99": [0.4646443501114845, 0.5469556972384453], "q_25": 0.49393331771716475, "q_75": 0.5135426558554173, "min": 0.4646443501114845, "max": 0.5469556972384453, "mean": 0.5039309576153755, "std": 0.022226577084488493, "repeat": 10, "number": 1}, {"ci_99": [0.4719398319721222, 0.5367205329239368], "q_25": 0.49418858950957656, "q_75": 0.5236827749758959, "min": 0.4719398319721222, "max": 0.5367205329239368, "mean": 0.5093081291764975, "std": 0.019964436896245333, "repeat": 10, "number": 1}, {"ci_99": [0.02828831970691681, 0.055905742570757866], "q_25": 0.03319886466488242, "q_75": 0.03998749749734998, "min": 0.02828831970691681, "max": 0.055905742570757866, "mean": 0.037384148500859735, "std": 0.007483183091873882, "repeat": 10, "number": 1}, {"ci_99": [0.026795633137226105, 0.0386747345328331], "q_25": 0.03165430063381791, "q_75": 0.03503147466108203, "min": 0.026795633137226105, "max": 0.0386747345328331, "mean": 0.03313746321946383, "std": 0.003308464929391285, "repeat": 10, "number": 1}, {"ci_99": [0.4365369603037834, 0.5369218084961176], "q_25": 0.4506323938257992, "q_75": 0.4925292623229325, "min": 0.4365369603037834, "max": 0.5369218084961176, "mean": 0.4767361467704177, "std": 0.03137574085796645, "repeat": 10, "number": 1}, {"ci_99": [0.34187099151313305, 0.500604972243309], "q_25": 0.36238599848002195, "q_75": 0.44546769419685006, "min": 0.34187099151313305, "max": 0.500604972243309, "mean": 0.40807016994804146, "std": 0.05029762957011808, "repeat": 10, "number": 1}, {"ci_99": [1.2470906351716275, 2.1044078531651733], "q_25": 1.453817455098033, "q_75": 1.8749561705626547, "min": 1.321468748152256, "max": 2.022294634953141, "mean": 1.6757492441684008, "std": 0.2566608469959281, "repeat": 6, "number": 1}, {"ci_99": [1.2633248104703756, 1.7384647522121668], "q_25": 1.3685879199765623, "q_75": 1.5646231337450445, "min": 1.361231379210949, "max": 1.7384647522121668, "mean": 1.4840842327103019, "std": 0.14070597160039017, "repeat": 6, "number": 1}, {"ci_99": [0.4872008264064789, 0.5252537447959185], "q_25": 0.4951362763531506, "q_75": 0.5107529060915112, "min": 0.4872008264064789, "max": 0.5252537447959185, "mean": 0.5048359638080001, "std": 0.012003848923035847, "repeat": 10, "number": 1}, {"ci_99": [0.5007436946034431, 0.5307280197739601], "q_25": 0.5012624305672944, "q_75": 0.5182632482610643, "min": 0.5007436946034431, "max": 0.5307280197739601, "mean": 0.5127313735429198, "std": 0.01110874168226884, "repeat": 8, "number": 1}, {"ci_99": [1.6510698515921831, 1.850168116390705], "q_25": 1.6775028025731444, "q_75": 1.816667937207967, "min": 1.6510698515921831, "max": 1.850168116390705, "mean": 1.7452072713058442, "std": 0.07335488169339967, "repeat": 8, "number": 1}, {"ci_99": [1.614285483956337, 1.8507885728031397], "q_25": 1.6952361911535263, "q_75": 1.8398267310112715, "min": 1.614285483956337, "max": 1.8507885728031397, "mean": 1.7626843210309744, "std": 0.08671998484947799, "repeat": 8, "number": 1}, {"ci_99": [1.3370856083929539, 1.4994029719382524], "q_25": 1.3743016025982797, "q_75": 1.4301303098909557, "min": 1.3370856083929539, "max": 1.4994029719382524, "mean": 1.4034366860985756, "std": 0.04530748499675865, "repeat": 10, "number": 1}, {"ci_99": [1.191845452412963, 1.4968273155391216], "q_25": 1.2202061819843948, "q_75": 1.4563878565095365, "min": 1.191845452412963, "max": 1.4968273155391216, "mean": 1.341560210287571, "std": 0.1188467279218063, "repeat": 10, "number": 1}, {"ci_99": [4.270588641054928, 9.783411153592168], "q_25": 6.999435784760863, "q_75": 7.054564009886235, "min": 6.971871672198176, "max": 7.082128122448921, "mean": 7.026999897323549, "std": 0.05512822512537241, "repeat": 2, "number": 1}, {"ci_99": [-0.16070739179849625, 14.21805410832166], "q_25": 6.956779550760984, "q_75": 7.100567165762186, "min": 6.884885743260384, "max": 7.172460973262787, "mean": 7.028673358261585, "std": 0.14378761500120163, "repeat": 2, "number": 1}, {"ci_99": [1.1529350196942687, 12.026073086075481], "q_25": 6.535138362552971, "q_75": 6.643869743216783, "min": 6.480772672221065, "max": 6.698235433548689, "mean": 6.589504052884877, "std": 0.10873138066381216, "repeat": 2, "number": 1}, {"ci_99": [-5.691070679575205, 19.330831978470076], "q_25": 6.694771136157215, "q_75": 6.944990162737668, "min": 6.569661622866988, "max": 7.070099676027894, "mean": 6.819880649447441, "std": 0.2502190265804529, "repeat": 2, "number": 1}, {"ci_99": [0.7497421078045339, 0.9136165134947327], "q_25": 0.8009128030389547, "q_75": 0.8694760780781507, "min": 0.7810332681983709, "max": 0.8854882977902889, "mean": 0.8316793106496334, "std": 0.03984847236672427, "repeat": 5, "number": 1}, {"ci_99": [0.7521109866658142, 0.8639490436762571], "q_25": 0.7921970169991255, "q_75": 0.8083697687834501, "min": 0.7735729329288006, "max": 0.8639490436762571, "mean": 0.8064158231019973, "std": 0.030819187398460905, "repeat": 5, "number": 1}, {"ci_99": [0.7522925943638457, 0.9685624703262669], "q_25": 0.8461014777421951, "q_75": 0.8911395994946361, "min": 0.791351668536663, "max": 0.8967313710600138, "mean": 0.8604275323450565,