{"results": {"benchmarks.TimeArithmetic.time_sum": {"result": [1.5314096841029823, 1.1322404923848808, 0.12894196948036551, 0.19825758412480354], "stats": [{"ci_99": [1.2235514679923654, 1.7827641157090923], "q_25": 1.4351674332283437, "q_75": 1.6093852980993688, "min": 1.2235514679923654, "max": 1.7576842904090881, "mean": 1.5137531631626189, "std": 0.16887342590349735, "repeat": 6, "number": 2}, {"ci_99": [0.8837265819311142, 1.188550990074873], "q_25": 1.027915745973587, "q_75": 1.186871006153524, "min": 0.8837265819311142, "max": 1.188550990074873, "mean": 1.0846920743351802, "std": 0.1189679149079177, "repeat": 8, "number": 2}, {"ci_99": [0.10369770880788565, 0.15078978054225445], "q_25": 0.12061568023636937, "q_75": 0.13654940971173346, "min": 0.10369770880788565, "max": 0.15078978054225445, "mean": 0.12855261648073793, "std": 0.013331247561459432, "repeat": 10, "number": 2}, {"ci_99": [0.19138544984161854, 0.21406963467597961], "q_25": 0.19731831480748951, "q_75": 0.20251055154949427, "min": 0.19138544984161854, "max": 0.21406963467597961, "mean": 0.20009851455688477, "std": 0.005893020032202385, "repeat": 10, "number": 2}], "params": [["(5000, 5000)", "(1000000, 10)"], ["0", "1"]]}, "benchmarks.TimeFillna.time_fillna": {"result": [1.254206302575767, 1.192728603258729, 0.4990668371319771, 0.5178285213187337, 0.03316523786634207, 0.03145378362387419, 0.3826494673267007, 0.4334420142695308, 1.3923749038949609, 1.3319087475538254, 0.5041672047227621, 0.5043774088844657, 1.7993060955777764, 1.840819051489234, 1.3371700644493103, 1.3778708707541227, 6.728077791631222, 6.707774051465094, 6.663489161990583, 6.720133066177368, 0.8091291226446629, 0.8024226780980825, 0.8561541382223368, 0.8361219391226768, 4.269681993871927, 4.579951589927077, 4.490639479830861, 4.2171338722109795, 2.0570612773299217, 2.269977493211627, 2.2777034156024456, 2.146071471273899, 0.026868050917983055, 0.03287314251065254, 0.07508960831910372, 0.07769140135496855, 0.02702280692756176, 0.03614017367362976, 0.11647915560752153, 0.11783688608556986, 0.03243678901344538, 0.03153298981487751, 0.07673643250018358, 0.08118894509971142, 1.7779113901779056, 1.7706319130957127, 1.0461971638724208, 1.0406315121799707, NaN, NaN, NaN, NaN, NaN, NaN, NaN, NaN, 0.5345261450856924, 0.5313055189326406, 0.5099700493738055, 0.5341976080089808, 0.5981587367132306, 0.6241844166070223, 0.6083675315603614, 0.600124504417181], "stats": [{"ci_99": [1.1071639470756054, 1.4389484936118344], "q_25": 1.2316167443059385, "q_75": 1.3397877924144268, "min": 1.1071639470756054, "max": 1.4371410068124533, "mean": 1.2741865677138169, "std": 0.10458562292683875, "repeat": 6, "number": 1}, {"ci_99": [0.7236420167370521, 1.6477750688791275], "q_25": 0.893991656601429, "q_75": 1.2557029062882066, "min": 0.7570181954652071, "max": 1.6477750688791275, "mean": 1.1281301419117622, "std": 0.2902660616930813, "repeat": 7, "number": 1}, {"ci_99": [0.481449868530035, 0.5329873394221067], "q_25": 0.4887846182100475, "q_75": 0.5060339812189341, "min": 0.481449868530035, "max": 0.5329873394221067, "mean": 0.49944910407066345, "std": 0.014567492820379687, "repeat": 10, "number": 1}, {"ci_99": [0.48250675201416016, 0.5275832116603851], "q_25": 0.4985764124430716, "q_75": 0.5216843872331083, "min": 0.48250675201416016, "max": 0.5275832116603851, "mean": 0.5100687244907022, "std": 0.015318866976157553, "repeat": 10, "number": 1}, {"ci_99": [0.028526905924081802, 0.04311498813331127], "q_25": 0.03137600654736161, "q_75": 0.03562617441639304, "min": 0.028526905924081802, "max": 0.04311498813331127, "mean": 0.03408946674317122, "std": 0.004589783861595356, "repeat": 10, "number": 1}, {"ci_99": [0.028418757021427155, 0.04374943673610687], "q_25": 0.030507243238389492, "q_75": 0.032160171773284674, "min": 0.028418757021427155, "max": 0.04374943673610687, "mean": 0.03229624330997467, "std": 0.004055800048882404, "repeat": 10, "number": 1}, {"ci_99": [0.3528090137988329, 0.4160302486270666], "q_25": 0.372938378714025, "q_75": 0.3860668558627367, "min": 0.3528090137988329, "max": 0.4160302486270666, "mean": 0.3820051860064268, "std": 0.01748070271626269, "repeat": 10, "number": 1}, {"ci_99": [0.36872289702296257, 0.5193900968879461], "q_25": 0.38874960830435157, "q_75": 0.45958203775808215, "min": 0.36872289702296257, "max": 0.5193900968879461, "mean": 0.4323464138433337, "std": 0.050545887603137225, "repeat": 10, "number": 1}, {"ci_99": [1.2104628567390754, 1.6976961111532527], "q_25": 1.3336245780810714, "q_75": 1.580789877101779, "min": 1.3016321025788784, "max": 1.68045898899436, "mean": 1.4540794839461644, "std": 0.15046442787518458, "repeat": 6, "number": 1}, {"ci_99": [0.9293663520365953, 1.690844822219621], "q_25": 1.2728506438434124, "q_75": 1.4841233678162098, "min": 0.9293663520365953, "max": 1.6579838041216135, "mean": 1.339865639184912, "std": 0.22781937532847982, "repeat": 6, "number": 1}, {"ci_99": [0.47882429510354996, 0.5498670991510153], "q_25": 0.495685089379549, "q_75": 0.508507626131177, "min": 0.47882429510354996, "max": 0.5498670991510153, "mean": 0.506546578473515, "std": 0.01853529677896202, "repeat": 9, "number": 1}, {"ci_99": [0.4816011283546686, 0.5430508125573397], "q_25": 0.48952969210222363, "q_75": 0.5177702270448208, "min": 0.4816011283546686, "max": 0.5430508125573397, "mean": 0.506086952611804, "std": 0.019169733389839516, "repeat": 10, "number": 1}, {"ci_99": [1.6277784891426563, 1.9740379117429256], "q_25": 1.7839062470011413, "q_75": 1.8587258104234934, "min": 1.6277784891426563, "max": 1.9740379117429256, "mean": 1.8186927190981805, "std": 0.10323123405503348, "repeat": 8, "number": 1}, {"ci_99": [1.5929452814161777, 1.889282263815403], "q_25": 1.6666449150070548, "q_75": 1.8706497200764716, "min": 1.5929452814161777, "max": 1.889282263815403, "mean": 1.7807829591911286, "std": 0.11128947932147577, "repeat": 8, "number": 1}, {"ci_99": [1.2881009224802256, 1.3820843435823917], "q_25": 1.3072834871709347, "q_75": 1.348026375286281, "min": 1.2881009224802256, "max": 1.3820843435823917, "mean": 1.331318579800427, "std": 0.027211421470896686, "repeat": 10, "number": 1}, {"ci_99": [1.2361999116837978, 1.495963605120778], "q_25": 1.3193329707719386, "q_75": 1.4284816761501133, "min": 1.2361999116837978, "max": 1.495963605120778, "mean": 1.3748796934261918, "std": 0.0735212540828105, "repeat": 10, "number": 1}, {"ci_99": [-2.821021694689989, 16.277177277952426], "q_25": 6.63258679676801, "q_75": 6.823568786494434, "min": 6.5370958019047976, "max": 6.919059781357646, "mean": 6.728077791631222, "std": 0.19098198972642422, "repeat": 2, "number": 1}, {"ci_99": [2.344232234172523, 11.071315868757662], "q_25": 6.664138633292168, "q_75": 6.75140946963802, "min": 6.620503215119243, "max": 6.7950448878109455, "mean": 6.707774051465094, "std": 0.08727083634585142, "repeat": 2, "number": 1}, {"ci_99": [-5.32248033490032, 18.649458658881475], "q_25": 6.543629467021674, "q_75": 6.783348856959492, "min": 6.423769772052765, "max": 6.903208551928401, "mean": 6.663489161990583, "std": 0.23971938993781805, "repeat": 2, "number": 1}, {"ci_99": [6.138737998902798, 7.301528133451939], "q_25": 6.7143191155046225, "q_75": 6.725947016850114, "min": 6.708505164831877, "max": 6.73176096752286, "mean": 6.720133066177368, "std": 0.01162790134549141, "repeat": 2, "number": 1}, {"ci_99": [0.7624645084142685, 0.8371106973223429], "q_25": 0.7968996851705015, "q_75": 0.817925947252661, "min": 0.7624645084142685, "max": 0.8302640952169895, "mean": 0.8041113795091709, "std": 0.02176322386515388, "repeat": 6, "number": 1}, {"ci_99": [0.7642313533397866, 0.8468437120318413], "q_25": 0.79176070028916, "q_75": 0.8183450042270124, "min": 0.7655619755387306, "max": 0.8468437120318413, "mean": 0.8048516996204853, "std": 0.025523873376193863, "repeat": 6, "number": 1}, {"ci_99": [0.785024981656026, 0.9072267952478419], "q_25": 0.8198483642190695, "q_75": 0.8738082498311996, "min": 0.8027980178594589, "max": 0.8780206721276045,