{"results": {"benchmarks.TimeArithmetic.time_sum": {"result": [1.5314096841029823, 1.1322404923848808, 0.12894196948036551, 0.19825758412480354], "stats": [{"ci_99": [1.2235514679923654, 1.7827641157090923], "q_25": 1.4351674332283437, "q_75": 1.6093852980993688, "min": 1.2235514679923654, "max": 1.7576842904090881, "mean": 1.5137531631626189, "std": 0.16887342590349735, "repeat": 6, "number": 2}, {"ci_99": [0.8837265819311142, 1.188550990074873], "q_25": 1.027915745973587, "q_75": 1.186871006153524, "min": 0.8837265819311142, "max": 1.188550990074873, "mean": 1.0846920743351802, "std": 0.1189679149079177, "repeat": 8, "number": 2}, {"ci_99": [0.10369770880788565, 0.15078978054225445], "q_25": 0.12061568023636937, "q_75": 0.13654940971173346, "min": 0.10369770880788565, "max": 0.15078978054225445, "mean": 0.12855261648073793, "std": 0.013331247561459432, "repeat": 10, "number": 2}, {"ci_99": [0.19138544984161854, 0.21406963467597961], "q_25": 0.19731831480748951, "q_75": 0.20251055154949427, "min": 0.19138544984161854, "max": 0.21406963467597961, "mean": 0.20009851455688477, "std": 0.005893020032202385, "repeat": 10, "number": 2}], "params": [["(5000, 5000)", "(1000000, 10)"], ["0", "1"]]}, "benchmarks.TimeFillna.time_fillna": {"result": [1.4642826272174716, 1.1700466126203537, 0.5129328928887844, 0.5172010762616992, 0.03203120920807123, 0.03116618562489748, 0.402654186822474, 0.4015352660790086, 1.57653240673244, 1.3870446858927608, 0.49973377771675587, 0.4990188293159008, 1.8229593029245734, 1.817059712484479, 1.3454397330060601, 1.3216577470302582, 6.692080695182085, 6.797296126373112, 6.688404893502593, 6.841469162143767, 0.8731412384659052, 0.83555968105793, 0.8692938862368464, 0.8029316430911422, 4.240336919203401, 4.403566364198923, 4.352176592685282, 4.346013720147312, 2.3033145554363728, 2.208061186596751, 2.3298658430576324, 2.0447250306606293, 0.02667978871613741, 0.02790385950356722, 0.07441027369350195, 0.07919665426015854, 0.026916801929473877, 0.029834910295903683, 0.11145398765802383, 0.1083806212991476, 0.03291443269699812, 0.03250299207866192, 0.08333667926490307, 0.08026596251875162, 1.7649245588108897, 1.7909078355878592, 1.0380588760599494, 1.1033688206225634, NaN, NaN, NaN, NaN, NaN, NaN, NaN, NaN, 0.5307531161233783, 0.5259565701708198, 0.5182609986513853, 0.5375733133405447, 0.6390384258702397, 0.6148411519825459, 0.6032602377235889, 0.6339491624385118], "stats": [{"ci_99": [1.2108173839130596, 1.7916138172149658], "q_25": 1.3816091939806938, "q_75": 1.472122220788151, "min": 1.2154344785958529, "max": 1.7916138172149658, "mean": 1.460733391965429, "std": 0.17373972328541679, "repeat": 6, "number": 1}, {"ci_99": [0.7749248379690077, 1.4389639817595716], "q_25": 0.9182591391727328, "q_75": 1.2849705666303635, "min": 0.7782116923481226, "max": 1.393893152475357, "mean": 1.1069444098642893, "std": 0.2277007593652871, "repeat": 7, "number": 1}, {"ci_99": [0.4862126540392637, 0.5451687406748533], "q_25": 0.5006680674850941, "q_75": 0.5262885256670415, "min": 0.4862126540392637, "max": 0.5451687406748533, "mean": 0.5133904002606868, "std": 0.017282429160513566, "repeat": 10, "number": 1}, {"ci_99": [0.48155091144144535, 0.5689380299299955], "q_25": 0.49130121106281877, "q_75": 0.5337620945647359, "min": 0.48155091144144535, "max": 0.5689380299299955, "mean": 0.5162895800545811, "std": 0.026652173774296527, "repeat": 10, "number": 1}, {"ci_99": [0.029314374551177025, 0.04303939826786518], "q_25": 0.030051973648369312, "q_75": 0.03587237047031522, "min": 0.029314374551177025, "max": 0.04303939826786518, "mean": 0.033548124320805076, "std": 0.004310439143958772, "repeat": 10, "number": 1}, {"ci_99": [0.028550561517477036, 0.04495334438979626], "q_25": 0.029531585052609444, "q_75": 0.03221474774181843, "min": 0.028550561517477036, "max": 0.04495334438979626, "mean": 0.03274816647171974, "std": 0.004893686239867544, "repeat": 10, "number": 1}, {"ci_99": [0.3730986136943102, 0.4603482112288475], "q_25": 0.3973585623316467, "q_75": 0.41269527096301317, "min": 0.3730986136943102, "max": 0.4603482112288475, "mean": 0.4085516441613436, "std": 0.02233184374192074, "repeat": 10, "number": 1}, {"ci_99": [0.3566106166690588, 0.44930783100426197], "q_25": 0.367439232300967, "q_75": 0.40910645807161927, "min": 0.3566106166690588, "max": 0.44930783100426197, "mean": 0.39473822005093095, "std": 0.029196595852299282, "repeat": 10, "number": 1}, {"ci_99": [1.2676533565861539, 1.9000643932876429], "q_25": 1.4644949836656451, "q_75": 1.7235203110612929, "min": 1.2940908260643482, "max": 1.856332154944539, "mean": 1.5838588749368985, "std": 0.18952858417465365, "repeat": 6, "number": 1}, {"ci_99": [1.2157602459192276, 1.4476782471242167], "q_25": 1.368409854825586, "q_75": 1.4021940673701465, "min": 1.2157602459192276, "max": 1.4128903299570084, "mean": 1.36203034222126, "std": 0.0673074510895483, "repeat": 6, "number": 1}, {"ci_99": [0.47516850382089615, 0.5356570389121771], "q_25": 0.48834915831685066, "q_75": 0.5147271919995546, "min": 0.47516850382089615, "max": 0.5356570389121771, "mean": 0.5013934845725695, "std": 0.018057220816697733, "repeat": 9, "number": 1}, {"ci_99": [0.47929531894624233, 0.5276403222233057], "q_25": 0.48831650288775563, "q_75": 0.5212874547578394, "min": 0.47929531894624233, "max": 0.5276403222233057, "mean": 0.5027441138401627, "std": 0.017688150173303073, "repeat": 10, "number": 1}, {"ci_99": [1.614000577479601, 1.8979385364800692], "q_25": 1.764397222083062, "q_75": 1.8564188620075583, "min": 1.614000577479601, "max": 1.8979385364800692, "mean": 1.789184742840007, "std": 0.10412162304694196, "repeat": 8, "number": 1}, {"ci_99": [1.6024349350482225, 1.8846415020525455], "q_25": 1.7499474724754691, "q_75": 1.8628865145146847, "min": 1.6024349350482225, "max": 1.8846415020525455, "mean": 1.7845125256571919, "std": 0.10117898222841745, "repeat": 8, "number": 1}, {"ci_99": [1.2125432435423136, 1.472326772287488], "q_25": 1.2437549601309001, "q_75": 1.381408715620637, "min": 1.2125432435423136, "max": 1.472326772287488, "mean": 1.3267736928537488, "std": 0.0826508475068515, "repeat": 10, "number": 1}, {"ci_99": [1.2863526958972216, 1.421020820736885], "q_25": 1.3021990791894495, "q_75": 1.3592725172638893, "min": 1.2863526958972216, "max": 1.421020820736885, "mean": 1.3343685993924737, "std": 0.041250115315130925, "repeat": 10, "number": 1}, {"ci_99": [2.5484637655317783, 10.835697624832388], "q_25": 6.650644525885582, "q_75": 6.733516864478588, "min": 6.609208356589079, "max": 6.774953033775091, "mean": 6.692080695182085, "std": 0.08287233859300613, "repeat": 2, "number": 1}, {"ci_99": [4.361872925423086, 9.232719327323137], "q_25": 6.772941894363612, "q_75": 6.8216503583826125, "min": 6.748587662354112, "max": 6.846004590392113, "mean": 6.797296126373112, "std": 0.04870846401900053, "repeat": 2, "number": 1}, {"ci_99": [-4.178342530503869, 17.555152317509048], "q_25": 6.579737419262528, "q_75": 6.797072367742658, "min": 6.471069945022464, "max": 6.905739841982722, "mean": 6.688404893502593, "std": 0.21733494848012924, "repeat": 2, "number": 1}, {"ci_99": [2.3817135272547603, 11.30122479703277], "q_25": 6.796871605794877, "q_75": 6.886066718492657, "min": 6.752274049445987, "max": 6.930664274841547, "mean": 6.841469162143767, "std": 0.08919511269778013, "repeat": 2, "number": 1}, {"ci_99": [0.819193253595979, 0.9150715541796374], "q_25": 0.8602227047085762, "q_75": 0.8800509376451373, "min": 0.8374505434185266, "max": 0.8847965952008963, "mean": 0.8671324038878083, "std": 0.018179795593862704, "repeat": 4, "number": 1}, {"ci_99": [0.8050114627117386, 0.8704477871647007], "q_25": 0.8290201835334301, "q_75": 0.8442691224627197, "min": 0.8242437168955803, "max": 0.8555554207414389, "mean": 0.8377296249382198, "std": 0.011810994982909473, "repeat": 4, "number": 1}, {"ci_99": [0.8183784032245176, 0.9203958516935807], "q_25": 0.8541670283302665, "q_75": 0.8845139853656292, "min": 0.8484810162335634, "max": 0.8904797211289406,