{"results": {"benchmarks.TimeArithmetic.time_sum": {"result": [1.4103900059126318, 1.017599408980459, 0.13802082370966673, 0.20301226060837507], "stats": [{"ci_99": [1.2263911337303472, 1.5073063790775973], "q_25": 1.2942697084508836, "q_75": 1.4263193688821048, "min": 1.2335385959595442, "max": 1.4595818314701319, "mean": 1.3668487564039726, "std": 0.088078622398317, "repeat": 6, "number": 2}, {"ci_99": [0.8183449506759644, 1.2193540940061212], "q_25": 0.8757433777209371, "q_75": 1.161071260459721, "min": 0.8183449506759644, "max": 1.2193540940061212, "mean": 1.020205506705679, "std": 0.14876630058972543, "repeat": 8, "number": 2}, {"ci_99": [0.11068511847406626, 0.14556544180959463], "q_25": 0.12458665226586163, "q_75": 0.1442596879787743, "min": 0.11068511847406626, "max": 0.14556544180959463, "mean": 0.13367902571335435, "std": 0.011740920594994413, "repeat": 10, "number": 2}, {"ci_99": [0.19571200106292963, 0.22726324945688248], "q_25": 0.19975353148765862, "q_75": 0.20487234788015485, "min": 0.19571200106292963, "max": 0.22726324945688248, "mean": 0.20477812485769392, "std": 0.008397799241090303, "repeat": 10, "number": 2}], "params": [["(5000, 5000)", "(1000000, 10)"], ["0", "1"]]}, "benchmarks.TimeFillna.time_fillna": {"result": [1.3199687227606773, 0.9572712490335107, 0.4986510304734111, 0.5177690554410219, 0.031978181563317776, 0.032201122492551804, 0.43839330319315195, 0.4591419752687216, 1.4094561655074358, 1.3386062439531088, 0.4938179310411215, 0.504590880125761, 1.8816226636990905, 1.8528266688808799, 1.4151803841814399, 1.3690587617456913, 6.912409144453704, 6.734567431733012, 6.769725730642676, 6.5131107987836, 0.8528099823743105, 0.820363599807024, 0.852430310100317, 0.8395264036953449, 4.273152587004006, 4.479236347600818, 4.440770849585533, 4.222770621068776, 2.2246357202529907, 2.169063363224268, 2.3500132001936436, 2.0348886158317327, 0.030523150227963924, 0.026513048447668552, 0.07543310523033142, 0.07721403893083334, 0.02768076490610838, 0.030388987623155117, 0.11134964413940907, 0.10702778026461601, 0.0322428522631526, 0.03191906586289406, 0.08237932901829481, 0.07955665793269873, 1.7651726249605417, 1.7422813177108765, 1.1812242763116956, 1.1337779443711042, NaN, NaN, NaN, NaN, NaN, NaN, NaN, NaN, 0.5346164032816887, 0.5209960881620646, 0.5271949777379632, 0.528661647811532, 0.6308005768805742, 0.6006456175819039, 0.5971922036260366, 0.6100500533357263], "stats": [{"ci_99": [1.0239040242864372, 1.7146676797684355], "q_25": 1.2575080203823745, "q_75": 1.5230735400691628, "min": 1.0501647666096687, "max": 1.6981499679386616, "mean": 1.369285852027436, "std": 0.21452042164768453, "repeat": 6, "number": 1}, {"ci_99": [0.7573654130101204, 1.3218935374170542], "q_25": 0.7632282124832273, "q_75": 1.217088844627142, "min": 0.7573654130101204, "max": 1.3218935374170542, "mean": 0.9967669816687703, "std": 0.23329883970486764, "repeat": 8, "number": 1}, {"ci_99": [0.46970317140221596, 0.525569187477231], "q_25": 0.4842478986829519, "q_75": 0.519228442106396, "min": 0.46970317140221596, "max": 0.525569187477231, "mean": 0.4996662214398384, "std": 0.01975550504638657, "repeat": 10, "number": 1}, {"ci_99": [0.47472044453024864, 0.536902591586113], "q_25": 0.48875858075916767, "q_75": 0.5312670413404703, "min": 0.47472044453024864, "max": 0.536902591586113, "mean": 0.5105104932768477, "std": 0.022409574171464098, "repeat": 9, "number": 1}, {"ci_99": [0.029044806957244873, 0.04261339455842972], "q_25": 0.030257408507168293, "q_75": 0.03512914711609483, "min": 0.029044806957244873, "max": 0.04261339455842972, "mean": 0.03344533946365118, "std": 0.004186732789026931, "repeat": 10, "number": 1}, {"ci_99": [0.02669699490070343, 0.03818101994693279], "q_25": 0.030921303667128086, "q_75": 0.034940388053655624, "min": 0.02669699490070343, "max": 0.03818101994693279, "mean": 0.032682211883366105, "std": 0.0035308750188862933, "repeat": 10, "number": 1}, {"ci_99": [0.367616206407547, 0.5607954505831003], "q_25": 0.40790674090385437, "q_75": 0.48095525708049536, "min": 0.367616206407547, "max": 0.5607954505831003, "mean": 0.44788701068609954, "std": 0.053623548097766406, "repeat": 10, "number": 1}, {"ci_99": [0.4332696199417114, 0.4950393196195364], "q_25": 0.4495181799866259, "q_75": 0.4708715477026999, "min": 0.4332696199417114, "max": 0.4950393196195364, "mean": 0.46213214583694934, "std": 0.01972355799597681, "repeat": 10, "number": 1}, {"ci_99": [1.2248972085473997, 1.6910253500086003], "q_25": 1.3371504512615502, "q_75": 1.586296065710485, "min": 1.3104942683130503, "max": 1.6600698307156563, "mean": 1.4579612792780001, "std": 0.14041899185355827, "repeat": 6, "number": 1}, {"ci_99": [1.2053668964654207, 1.3900654973668432], "q_25": 1.2899374878033996, "q_75": 1.349484025966376, "min": 1.2053668964654207, "max": 1.3532445933669806, "mean": 1.3104414166882634, "std": 0.05374330371395159, "repeat": 6, "number": 1}, {"ci_99": [0.47829155065119267, 0.5230616424232721], "q_25": 0.48029288463294506, "q_75": 0.5053463475778699, "min": 0.47829155065119267, "max": 0.5230616424232721, "mean": 0.4950330646708608, "std": 0.015289784744394797, "repeat": 10, "number": 1}, {"ci_99": [0.4655668716877699, 0.5493798311799765], "q_25": 0.5010834857821465, "q_75": 0.5297792926430702, "min": 0.4655668716877699, "max": 0.5493798311799765, "mean": 0.5107113520304362, "std": 0.023848798108709518, "repeat": 9, "number": 1}, {"ci_99": [1.8181067779660225, 2.0412700474262238], "q_25": 1.8265261431224644, "q_75": 1.9874102091416717, "min": 1.8181067779660225, "max": 2.0412700474262238, "mean": 1.9065793408080935, "std": 0.08272766764503696, "repeat": 8, "number": 1}, {"ci_99": [1.7868695687502623, 1.9273173678666353], "q_25": 1.822358077391982, "q_75": 1.8917696811258793, "min": 1.7868695687502623, "max": 1.9273173678666353, "mean": 1.857664265902713, "std": 0.04553052619936529, "repeat": 8, "number": 1}, {"ci_99": [1.2990219872444868, 1.4834915287792683], "q_25": 1.3526852149516344, "q_75": 1.4270838210359216, "min": 1.2990219872444868, "max": 1.4834915287792683, "mean": 1.394279856234789, "std": 0.05259972168083971, "repeat": 10, "number": 1}, {"ci_99": [1.3284937795251608, 1.4384933542460203], "q_25": 1.3366328687407076, "q_75": 1.400074484758079, "min": 1.3284937795251608, "max": 1.4384933542460203, "mean": 1.3721568875014782, "std": 0.036386467584371196, "repeat": 10, "number": 1}, {"ci_99": [-3.746062840335071, 17.570881129242473], "q_25": 6.805824424605817, "q_75": 7.018993864301592, "min": 6.699239704757929, "max": 7.12557858414948, "mean": 6.912409144453704, "std": 0.2131694396957755, "repeat": 2, "number": 1}, {"ci_99": [6.520414741709828, 6.948720121756196], "q_25": 6.73242590483278, "q_75": 6.736708958633244, "min": 6.7302843779325485, "max": 6.738850485533476, "mean": 6.734567431733012, "std": 0.0042830538004636765, "repeat": 2, "number": 1}, {"ci_99": [-1.5250563118606806, 15.064507773146026], "q_25": 6.686777910217643, "q_75": 6.85267355106771, "min": 6.603830089792609, "max": 6.9356213714927435, "mean": 6.769725730642676, "std": 0.16589564085006714, "repeat": 2, "number": 1}, {"ci_99": [-0.09133171383291483, 13.11755331140011], "q_25": 6.447066373657435, "q_75": 6.5791552239097655, "min": 6.38102194853127, "max": 6.645199649035931, "mean": 6.5131107987836, "std": 0.1320888502523303, "repeat": 2, "number": 1}, {"ci_99": [0.7979981955752025, 0.9243007180601113], "q_25": 0.8457499854266644, "q_75": 0.8682094537653029, "min": 0.8371330592781305, "max": 0.9018448032438755, "mean": 0.8611494568176568, "std": 0.024530927953080584, "repeat": 4, "number": 1}, {"ci_99": [0.7861162147160383, 0.8718090297047285], "q_25": 0.8121658712625504, "q_75": 0.8442369718104601, "min": 0.8053190987557173, "max": 0.8627275694161654, "mean": 0.8289626222103834, "std": 0.0213937731387568, "repeat": 5, "number": 1}, {"ci_99": [0.8216908447941608, 0.8792538992563419], "q_25": 0.8374096173793077, "q_75": 0.8617362603545189, "min": 0.8320437800139189, "max": 0.8687418922781944,